feature,shap_importance
Interest Rate (%),0.06239412260499861
Unemployment Rate (%),0.055766315528612956
Stock Index Value,0.033042693204384035
GDP Growth Rate (%),0.03187089950479082
Country_USA,0.01667554256122141
Country_Brazil,0.01123722081180943
Country_Germany,0.01095187625632864
Country_UK,0.008101817772576337
Country_Australia,0.006913520857161652
Country_Canada,0.0
Country_China,0.0
Country_France,0.0
Country_India,0.0
Country_Japan,0.0
