feature,mean_importance
Stock Index Value,-0.019461721687636026
Country_Brazil,-0.01685659972443345
Country_Germany,-0.01175958957658707
Country_UK,-0.005208937227965072
GDP Growth Rate (%),-0.003986046434742696
Country_Canada,0.0
Country_China,0.0
Country_France,0.0
Country_India,0.0
Country_Japan,0.0
Interest Rate (%),0.0005984829751875864
Country_Australia,0.0008206591327228451
Country_USA,0.005222017144094382
Unemployment Rate (%),0.00556889607058173
