feature,mean_importance
Unemployment Rate (%),-0.06619359736764112
Country_Australia,-0.015608641476783758
Country_Japan,-0.004903920204883461
Country_Germany,-0.001408323270269607
Country_UK,-0.0010833697067167858
Country_Brazil,0.0
Country_Canada,0.0
Country_China,0.0
Country_France,0.0
Country_India,0.0
Stock Index Value,0.0032728303609804053
Country_USA,0.011904118587799273
Interest Rate (%),0.03603777564935022
GDP Growth Rate (%),0.1394144047938186
