feature,shap_importance
Unemployment Rate (%),0.1247119222500419
GDP Growth Rate (%),0.07684773165982806
Stock Index Value,0.06624155940470852
Interest Rate (%),0.04016371613758747
Country_Australia,0.02156288789175551
Country_USA,0.017632147245416594
Country_Germany,0.011707828880790005
Country_UK,0.008070916735628226
Country_Japan,0.003009327627623833
Country_Brazil,0.0
Country_Canada,0.0
Country_China,0.0
Country_France,0.0
Country_India,0.0
