feature,shap_importance
Unemployment Rate (%),0.0558256391987038
GDP Growth Rate (%),0.043724356175745376
Stock Index Value,0.02841480014587284
Interest Rate (%),0.026692833907981085
Country_USA,0.014961734182348968
Country_Germany,0.005436034143460122
Country_UK,0.003212423679507921
Country_Canada,0.0031311245964931165
Country_Australia,0.002974113645442304
Country_Japan,0.00268421989862959
Country_Brazil,0.0
Country_China,0.0
Country_France,0.0
Country_India,0.0
