feature,mean_importance
Country_Japan,-0.003462395939094898
Country_Australia,0.0
Country_Canada,0.0
Country_China,0.0
Country_India,0.0
Country_USA,0.0
Country_Brazil,0.0003537787669604331
Country_France,0.000680728946487208
Country_Germany,0.0009165096625864067
Country_UK,0.0030804812272748894
Unemployment Rate (%),0.0035845409174934508
GDP Growth Rate (%),0.0044067039634671625
Stock Index Value,0.005708195163782737
Interest Rate (%),0.00765761299157155
